Workbook

Sheet Wage Rates
A1: MSP COFFEE P LTD — STANMORE ESTATE Daily Wage Rate Card
A2: Category | B2: Daily Wage (RM) | C2: Notes
A3: Casual Male Worker | B3: 0 | C3: Update wage in Column B
A4: Casual Female Worker | B4: 0 | C4: Update wage in Column B
A5: PF Male Worker | B5: 0 | C5: Update wage in Column B
A6: PF Female Worker | B6: 0 | C6: Update wage in Column B
A7: Staff / Incharge | B7: 0 | C7: Update wage in Column B
A8: Field Assistant | B8: 0 | C8: Update wage in Column B
A9: Mistry | B9: 0 | C9: Update wage in Column B
A10: Mechanic | B10: 0 | C10: Update wage in Column B
A11: Driver | B11: 0 | C11: Update wage in Column B
A12: Cook | B12: 0 | C12: Update wage in Column B
A13: Watchman | B13: 0 | C13: Update wage in Column B
A14: Coffee Roaster | B14: 0 | C14: Update wage in Column B

Sheet Employee Master
A1: Emp ID | B1: Name | C1: Designation | D1: Gender | E1: Wage Category | F1: Daily Wage (RM)
A2: 526 | B2: Rabeen | C2: Coffee Roaster | D2: Male | E2: Coffee Roaster | F2: =IFERROR(VLOOKUP(E2,'Wage Rates'!$A$3:$B$14,2,0),0) -> 0
A3: 295 | B3: Palani | C3: Worker | D3: Male | E3: PF Male Worker | F3: =IFERROR(VLOOKUP(E3,'Wage Rates'!$A$3:$B$14,2,0),0) -> 0
A4: 273 | B4: Sukru Hembrom | C4: Worker | D4: Male | E4: PF Male Worker | F4: =IFERROR(VLOOKUP(E4,'Wage Rates'!$A$3:$B$14,2,0),0) -> 0
A5: 264 | B5: Etwa Hembrom | C5: Worker | D5: Male | E5: PF Male Worker | F5: =IFERROR(VLOOKUP(E5,'Wage Rates'!$A$3:$B$14,2,0),0) -> 0
A6: 260 | B6: Moti Hembrom | C6: Worker | D6: Male | E6: PF Male Worker | F6: =IFERROR(VLOOKUP(E6,'Wage Rates'!$A$3:$B$14,2,0),0) -> 0
A7: 259 | B7: Mali Soy | C7: Worker | D7: Female | E7: PF Female Worker | F7: =IFERROR(VLOOKUP(E7,'Wage Rates'!$A$3:$B$14,2,0),0) -> 0
A8: 499 | B8: V Mani | C8: Worker | D8: Male | E8: PF Male Worker | F8: =IFERROR(VLOOKUP(E8,'Wage Rates'!$A$3:$B$14,2,0),0) -> 0
A9: 443 | B9: Chelladurai | C9: Worker | D9: Male | E9: PF Male Worker | F9: =IFERROR(VLOOKUP(E9,'Wage Rates'!$A$3:$B$14,2,0),0) -> 0
A10: 442 | B10: Thamaraiselvi Siva | C10: Worker | D10: Female | E10: PF Female Worker | F10: =IFERROR(VLOOKUP(E10,'Wage Rates'!$A$3:$B$14,2,0),0) -> 0
A11: 441 | B11: Budhani Purti | C11: Worker | D11: Male | E11: PF Male Worker | F11: =IFERROR(VLOOKUP(E11,'Wage Rates'!$A$3:$B$14,2,0),0) -> 0
A12: 438 | B12: Lakshmi Arumugam | C12: Worker | D12: Female | E12: PF Female Worker | F12: =IFERROR(VLOOKUP(E12,'Wage Rates'!$A$3:$B$14,2,0),0) -> 0
A13: 437 | B13: M Murugeshwari | C13: Worker | D13: Female | E13: PF Female Worker | F13: =IFERROR(VLOOKUP(E13,'Wage Rates'!$A$3:$B$14,2,0),0) -> 0
... A41: 400 | B41: P Govindharaj | C41: Incharge | D41: Male | E41: Staff / Incharge | F41: =IFERROR(VLOOKUP(E41,'Wage Rates'!$A$3:$B$14,2,0),0) -> 0

Sheet Daily Report
A1: Date: | H1: Supervisor:
A2: Emp ID | B2: Name | C2: Designation | D2: Gender | E2: Category | F2: Daily Wage (RM) | G2: Status P/H/A | H2: Work Assigned | I2: Days | J2: Cost (RM)
A3: 526 | B3: =IFERROR(VLOOKUP(A3,'Employee Master'!$A:$F,2,0),"") -> Rabeen | C3: =IFERROR(VLOOKUP(A3,'Employee Master'!$A:$F,3,0),"") -> Coffee Roaster | D3: =IFERROR(VLOOKUP(A3,'Employee Master'!$A:$F,4,0),"") -> Male | E3: =IFERROR(VLOOKUP(A3,'Employee Master'!$A:$F,5,0),"") -> Coffee Roaster | F3: =IFERROR(VLOOKUP(A3,'Employee Master'!$A:$F,6,0),0) -> 0 | G3: P | I3: =IF(G3="P",1,IF(G3="H",0.5,0)) -> 1 | J3: =I3*F3 -> 0
A4: 295 | B4: =IFERROR(VLOOKUP(A4,'Employee Master'!$A:$F,2,0),"") -> Palani | C4: =IFERROR(VLOOKUP(A4,'Employee Master'!$A:$F,3,0),"") -> Worker | D4: =IFERROR(VLOOKUP(A4,'Employee Master'!$A:$F,4,0),"") -> Male | E4: =IFERROR(VLOOKUP(A4,'Employee Master'!$A:$F,5,0),"") -> PF Male Worker | F4: =IFERROR(VLOOKUP(A4,'Employee Master'!$A:$F,6,0),0) -> 0 | G4: P | I4: =IF(G4="P",1,IF(G4="H",0.5,0)) -> 1 | J4: =I4*F4 -> 0
A5: 273 | B5: =IFERROR(VLOOKUP(A5,'Employee Master'!$A:$F,2,0),"") -> Sukru Hembrom | C5: =IFERROR(VLOOKUP(A5,'Employee Master'!$A:$F,3,0),"") -> Worker | D5: =IFERROR(VLOOKUP(A5,'Employee Master'!$A:$F,4,0),"") -> Male | E5: =IFERROR(VLOOKUP(A5,'Employee Master'!$A:$F,5,0),"") -> PF Male Worker | F5: =IFERROR(VLOOKUP(A5,'Employee Master'!$A:$F,6,0),0) -> 0 | G5: P | I5: =IF(G5="P",1,IF(G5="H",0.5,0)) -> 1 | J5: =I5*F5 -> 0
A6: 264 | B6: =IFERROR(VLOOKUP(A6,'Employee Master'!$A:$F,2,0),"") -> Etwa Hembrom | C6: =IFERROR(VLOOKUP(A6,'Employee Master'!$A:$F,3,0),"") -> Worker | D6: =IFERROR(VLOOKUP(A6,'Employee Master'!$A:$F,4,0),"") -> Male | E6: =IFERROR(VLOOKUP(A6,'Employee Master'!$A:$F,5,0),"") -> PF Male Worker | F6: =IFERROR(VLOOKUP(A6,'Employee Master'!$A:$F,6,0),0) -> 0 | G6: P | I6: =IF(G6="P",1,IF(G6="H",0.5,0)) -> 1 | J6: =I6*F6 -> 0
A7: 260 | B7: =IFERROR(VLOOKUP(A7,'Employee Master'!$A:$F,2,0),"") -> Moti Hembrom | C7: =IFERROR(VLOOKUP(A7,'Employee Master'!$A:$F,3,0),"") -> Worker | D7: =IFERROR(VLOOKUP(A7,'Employee Master'!$A:$F,4,0),"") -> Male | E7: =IFERROR(VLOOKUP(A7,'Employee Master'!$A:$F,5,0),"") -> PF Male Worker | F7: =IFERROR(VLOOKUP(A7,'Employee Master'!$A:$F,6,0),0) -> 0 | G7: P | I7: =IF(G7="P",1,IF(G7="H",0.5,0)) -> 1 | J7: =I7*F7 -> 0
A8: 259 | B8: =IFERROR(VLOOKUP(A8,'Employee Master'!$A:$F,2,0),"") -> Mali Soy | C8: =IFERROR(VLOOKUP(A8,'Employee Master'!$A:$F,3,0),"") -> Worker | D8: =IFERROR(VLOOKUP(A8,'Employee Master'!$A:$F,4,0),"") -> Female | E8: =IFERROR(VLOOKUP(A8,'Employee Master'!$A:$F,5,0),"") -> PF Female Worker | F8: =IFERROR(VLOOKUP(A8,'Employee Master'!$A:$F,6,0),0) -> 0 | G8: P | I8: =IF(G8="P",1,IF(G8="H",0.5,0)) -> 1 | J8: =I8*F8 -> 0
A9: 499 | B9: =IFERROR(VLOOKUP(A9,'Employee Master'!$A:$F,2,0),"") -> V Mani | C9: =IFERROR(VLOOKUP(A9,'Employee Master'!$A:$F,3,0),"") -> Worker | D9: =IFERROR(VLOOKUP(A9,'Employee Master'!$A:$F,4,0),"") -> Male | E9: =IFERROR(VLOOKUP(A9,'Employee Master'!$A:$F,5,0),"") -> PF Male Worker | F9: =IFERROR(VLOOKUP(A9,'Employee Master'!$A:$F,6,0),0) -> 0 | G9: P | I9: =IF(G9="P",1,IF(G9="H",0.5,0)) -> 1 | J9: =I9*F9 -> 0
A10: 443 | B10: =IFERROR(VLOOKUP(A10,'Employee Master'!$A:$F,2,0),"") -> Chelladurai | C10: =IFERROR(VLOOKUP(A10,'Employee Master'!$A:$F,3,0),"") -> Worker | D10: =IFERROR(VLOOKUP(A10,'Employee Master'!$A:$F,4,0),"") -> Male | E10: =IFERROR(VLOOKUP(A10,'Employee Master'!$A:$F,5,0),"") -> PF Male Worker | F10: =IFERROR(VLOOKUP(A10,'Employee Master'!$A:$F,6,0),0) -> 0 | G10: P | I10: =IF(G10="P",1,IF(G10="H",0.5,0)) -> 1 | J10: =I10*F10 -> 0
A11: 442 | B11: =IFERROR(VLOOKUP(A11,'Employee Master'!$A:$F,2,0),"") -> Thamaraiselvi Siva | C11: =IFERROR(VLOOKUP(A11,'Employee Master'!$A:$F,3,0),"") -> Worker | D11: =IFERROR(VLOOKUP(A11,'Employee Master'!$A:$F,4,0),"") -> Female | E11: =IFERROR(VLOOKUP(A11,'Employee Master'!$A:$F,5,0),"") -> PF Female Worker | F11: =IFERROR(VLOOKUP(A11,'Employee Master'!$A:$F,6,0),0) -> 0 | G11: P | I11: =IF(G11="P",1,IF(G11="H",0.5,0)) -> 1 | J11: =I11*F11 -> 0
A12: 441 | B12: =IFERROR(VLOOKUP(A12,'Employee Master'!$A:$F,2,0),"") -> Budhani Purti | C12: =IFERROR(VLOOKUP(A12,'Employee Master'!$A:$F,3,0),"") -> Worker | D12: =IFERROR(VLOOKUP(A12,'Employee Master'!$A:$F,4,0),"") -> Male | E12: =IFERROR(VLOOKUP(A12,'Employee Master'!$A:$F,5,0),"") -> PF Male Worker | F12: =IFERROR(VLOOKUP(A12,'Employee Master'!$A:$F,6,0),0) -> 0 | G12: P | I12: =IF(G12="P",1,IF(G12="H",0.5,0)) -> 1 | J12: =I12*F12 -> 0
A13: 438 | B13: =IFERROR(VLOOKUP(A13,'Employee Master'!$A:$F,2,0),"") -> Lakshmi Arumugam | C13: =IFERROR(VLOOKUP(A13,'Employee Master'!$A:$F,3,0),"") -> Worker | D13: =IFERROR(VLOOKUP(A13,'Employee Master'!$A:$F,4,0),"") -> Female | E13: =IFERROR(VLOOKUP(A13,'Employee Master'!$A:$F,5,0),"") -> PF Female Worker | F13: =IFERROR(VLOOKUP(A13,'Employee Master'!$A:$F,6,0),0) -> 0 | G13: P | I13: =IF(G13="P",1,IF(G13="H",0.5,0)) -> 1 | J13: =I13*F13 -> 0
A14: 437 | B14: =IFERROR(VLOOKUP(A14,'Employee Master'!$A:$F,2,0),"") -> M Murugeshwari | C14: =IFERROR(VLOOKUP(A14,'Employee Master'!$A:$F,3,0),"") -> Worker | D14: =IFERROR(VLOOKUP(A14,'Employee Master'!$A:$F,4,0),"") -> Female | E14: =IFERROR(VLOOKUP(A14,'Employee Master'!$A:$F,5,0),"") -> PF Female Worker | F14: =IFERROR(VLOOKUP(A14,'Employee Master'!$A:$F,6,0),0) -> 0 | G14: P | I14: =IF(G14="P",1,IF(G14="H",0.5,0)) -> 1 | J14: =I14*F14 -> 0
... A42: 400 | B42: =IFERROR(VLOOKUP(A42,'Employee Master'!$A:$F,2,0),"") -> P Govindharaj | C42: =IFERROR(VLOOKUP(A42,'Employee Master'!$A:$F,3,0),"") -> Incharge | D42: =IFERROR(VLOOKUP(A42,'Employee Master'!$A:$F,4,0),"") -> Male | E42: =IFERROR(VLOOKUP(A42,'Employee Master'!$A:$F,5,0),"") -> Staff / Incharge | F42: =IFERROR(VLOOKUP(A42,'Employee Master'!$A:$F,6,0),0) -> 0 | G42: P | I42: =IF(G42="P",1,IF(G42="H",0.5,0)) -> 1 | J42: =I42*F42 -> 0
A43: TOTAL | I43: =SUM(I3:I42) -> 40 | J43: =SUM(J3:J42) -> 0
A45: SUMMARY
A46: Total Present (P) | C46: =COUNTIF(G3:G42,"P") -> 40
A47: Total Half Day (H) | C47: =COUNTIF(G3:G42,"H") -> 0
A48: Total Absent (A) | C48: =COUNTIF(G3:G42,"A") -> 0
A49: Male Workers Present | C49: =SUMPRODUCT((G3:G42<>"A")*(G3:G42<>"")*(D3:D42="Male")) -> 21
A50: Female Workers Present | C50: =SUMPRODUCT((G3:G42<>"A")*(G3:G42<>"")*(D3:D42="Female")) -> 19
A51: PF Workers Present | C51: =SUMPRODUCT((G3:G42<>"A")*(G3:G42<>""),(ISNUMBER(SEARCH("PF",E3:E42)))) -> 31
A52: Total Daily Cost (RM) | C52: =J43 -> 0

Sheet Work Categories
A1: Common Work Assignments — Reference
A2: Work Type | B2: Description
A3: Weeding | B3: Manual removal of weeds between coffee rows
A4: Pruning | B4: Cutting back coffee branches for growth management
A5: Picking | B5: Harvesting ripe coffee cherries
A6: Spraying | B6: Applying fertiliser or pesticide by hand pump
A7: Fertiliser Application | B7: Spreading granular fertiliser around coffee plants
A8: Digging / Trenching | B8: Soil preparation and drainage trench work
A9: Roads & Drains | B9: Maintenance of estate paths and drainage channels
A10: Nursery Work | B10: Seedling care and propagation in the nursery
A11: Shade Tree Work | B11: Trimming and maintenance of shade trees
A12: Loading / Transport | B12: Loading produce or materials onto vehicles
A13: Drying / Processing | B13: Coffee processing and drying yard work
... A16: General Maintenance | B16: Ad hoc repairs and upkeep tasks
